{
  "human": {
    "count": 120,
    "meanDiff": -1.6666666666666667,
    "meanAbsDiff": 9.7,
    "stdDev": 13.152524050116346,
    "median": 7,
    "p75": 15,
    "p90": 23,
    "p95": 28,
    "maxDiff": 36,
    "minDiff": -36,
    "maxAbsDiff": 36,
    "exactPredictions": 15,
    "exactPct": 12.5,
    "within1": 25,
    "within1Pct": 20.833333333333336,
    "within3": 39,
    "within3Pct": 32.5,
    "within5": 54,
    "within5Pct": 45,
    "betterThanPredicted": 68,
    "betterPct": 56.666666666666664,
    "worseThanPredicted": 37,
    "worsePct": 30.833333333333336
  },
  "humanTT": {
    "count": 4,
    "meanDiff": 11,
    "meanAbsDiff": 17,
    "stdDev": 15.572411502397436,
    "median": 19,
    "p75": 30,
    "p90": 30,
    "p95": 30,
    "maxDiff": 30,
    "minDiff": -12,
    "maxAbsDiff": 30,
    "exactPredictions": 0,
    "exactPct": 0,
    "within1": 0,
    "within1Pct": 0,
    "within3": 0,
    "within3Pct": 0,
    "within5": 0,
    "within5Pct": 0,
    "betterThanPredicted": 1,
    "betterPct": 25,
    "worseThanPredicted": 3,
    "worsePct": 75
  },
  "humanNonTT": {
    "count": 116,
    "meanDiff": -2.103448275862069,
    "meanAbsDiff": 9.448275862068966,
    "stdDev": 12.84011716453743,
    "median": 7,
    "p75": 15,
    "p90": 23,
    "p95": 27,
    "maxDiff": 36,
    "minDiff": -36,
    "maxAbsDiff": 36,
    "exactPredictions": 15,
    "exactPct": 12.931034482758621,
    "within1": 25,
    "within1Pct": 21.551724137931032,
    "within3": 39,
    "within3Pct": 33.62068965517241,
    "within5": 54,
    "within5Pct": 46.55172413793103,
    "betterThanPredicted": 67,
    "betterPct": 57.758620689655174,
    "worseThanPredicted": 34,
    "worsePct": 29.310344827586203
  },
  "bot": {
    "count": 4590,
    "meanDiff": 0.04357298474945534,
    "meanAbsDiff": 8.375163398692811,
    "stdDev": 11.00167629733885,
    "median": 6,
    "p75": 12,
    "p90": 19,
    "p95": 23,
    "maxDiff": 36,
    "minDiff": -36,
    "maxAbsDiff": 36,
    "exactPredictions": 254,
    "exactPct": 5.533769063180828,
    "within1": 689,
    "within1Pct": 15.010893246187365,
    "within3": 1423,
    "within3Pct": 31.00217864923747,
    "within5": 2040,
    "within5Pct": 44.44444444444444,
    "betterThanPredicted": 2183,
    "betterPct": 47.5599128540305,
    "worseThanPredicted": 2153,
    "worsePct": 46.90631808278867
  },
  "humanByBand": {
    "Diamond": {
      "count": 7,
      "meanDiff": 0,
      "meanAbsDiff": 0,
      "stdDev": 0,
      "median": 0,
      "p75": 0,
      "p90": 0,
      "p95": 0,
      "maxDiff": 0,
      "minDiff": 0,
      "maxAbsDiff": 0,
      "exactPredictions": 7,
      "exactPct": 100,
      "within1": 7,
      "within1Pct": 100,
      "within3": 7,
      "within3Pct": 100,
      "within5": 7,
      "within5Pct": 100,
      "betterThanPredicted": 0,
      "betterPct": 0,
      "worseThanPredicted": 0,
      "worsePct": 0
    },
    "Platinum": {
      "count": 27,
      "meanDiff": 1.1111111111111112,
      "meanAbsDiff": 8.666666666666666,
      "stdDev": 11.532027329181442,
      "median": 5,
      "p75": 15,
      "p90": 21,
      "p95": 23,
      "maxDiff": 23,
      "minDiff": -19,
      "maxAbsDiff": 23,
      "exactPredictions": 4,
      "exactPct": 14.814814814814813,
      "within1": 6,
      "within1Pct": 22.22222222222222,
      "within3": 10,
      "within3Pct": 37.03703703703704,
      "within5": 14,
      "within5Pct": 51.85185185185185,
      "betterThanPredicted": 14,
      "betterPct": 51.85185185185185,
      "worseThanPredicted": 9,
      "worsePct": 33.33333333333333
    },
    "Gold": {
      "count": 39,
      "meanDiff": 1.4871794871794872,
      "meanAbsDiff": 8.666666666666666,
      "stdDev": 12.04664395199949,
      "median": 5,
      "p75": 13,
      "p90": 24,
      "p95": 28,
      "maxDiff": 30,
      "minDiff": -24,
      "maxAbsDiff": 30,
      "exactPredictions": 2,
      "exactPct": 5.128205128205128,
      "within1": 8,
      "within1Pct": 20.51282051282051,
      "within3": 14,
      "within3Pct": 35.8974358974359,
      "within5": 21,
      "within5Pct": 53.84615384615385,
      "betterThanPredicted": 23,
      "betterPct": 58.97435897435898,
      "worseThanPredicted": 14,
      "worsePct": 35.8974358974359
    },
    "Silver": {
      "count": 5,
      "meanDiff": -0.4,
      "meanAbsDiff": 6,
      "stdDev": 6.6211781428987395,
      "median": 7,
      "p75": 8,
      "p90": 9,
      "p95": 9,
      "maxDiff": 9,
      "minDiff": -9,
      "maxAbsDiff": 9,
      "exactPredictions": 0,
      "exactPct": 0,
      "within1": 1,
      "within1Pct": 20,
      "within3": 1,
      "within3Pct": 20,
      "within5": 2,
      "within5Pct": 40,
      "betterThanPredicted": 2,
      "betterPct": 40,
      "worseThanPredicted": 3,
      "worsePct": 60
    },
    "Bronze": {
      "count": 17,
      "meanDiff": -5.588235294117647,
      "meanAbsDiff": 9.470588235294118,
      "stdDev": 10.997640514483694,
      "median": 7,
      "p75": 11,
      "p90": 24,
      "p95": 27,
      "maxDiff": 27,
      "minDiff": -27,
      "maxAbsDiff": 27,
      "exactPredictions": 1,
      "exactPct": 5.88235294117647,
      "within1": 2,
      "within1Pct": 11.76470588235294,
      "within3": 4,
      "within3Pct": 23.52941176470588,
      "within5": 6,
      "within5Pct": 35.294117647058826,
      "betterThanPredicted": 12,
      "betterPct": 70.58823529411765,
      "worseThanPredicted": 4,
      "worsePct": 23.52941176470588
    },
    "Unranked": {
      "count": 25,
      "meanDiff": -7.64,
      "meanAbsDiff": 16.04,
      "stdDev": 17.269348569068843,
      "median": 15,
      "p75": 23,
      "p90": 31,
      "p95": 35,
      "maxDiff": 36,
      "minDiff": -36,
      "maxAbsDiff": 36,
      "exactPredictions": 1,
      "exactPct": 4,
      "within1": 1,
      "within1Pct": 4,
      "within3": 3,
      "within3Pct": 12,
      "within5": 4,
      "within5Pct": 16,
      "betterThanPredicted": 17,
      "betterPct": 68,
      "worseThanPredicted": 7,
      "worsePct": 28.000000000000004
    }
  },
  "humanTTByBand": {
    "Diamond": null,
    "Platinum": null,
    "Gold": {
      "count": 2,
      "meanDiff": 24.5,
      "meanAbsDiff": 24.5,
      "stdDev": 5.5,
      "median": 30,
      "p75": 30,
      "p90": 30,
      "p95": 30,
      "maxDiff": 30,
      "minDiff": 19,
      "maxAbsDiff": 30,
      "exactPredictions": 0,
      "exactPct": 0,
      "within1": 0,
      "within1Pct": 0,
      "within3": 0,
      "within3Pct": 0,
      "within5": 0,
      "within5Pct": 0,
      "betterThanPredicted": 0,
      "betterPct": 0,
      "worseThanPredicted": 2,
      "worsePct": 100
    },
    "Silver": null,
    "Bronze": null,
    "Unranked": {
      "count": 2,
      "meanDiff": -2.5,
      "meanAbsDiff": 9.5,
      "stdDev": 9.5,
      "median": 12,
      "p75": 12,
      "p90": 12,
      "p95": 12,
      "maxDiff": 12,
      "minDiff": -12,
      "maxAbsDiff": 12,
      "exactPredictions": 0,
      "exactPct": 0,
      "within1": 0,
      "within1Pct": 0,
      "within3": 0,
      "within3Pct": 0,
      "within5": 0,
      "within5Pct": 0,
      "betterThanPredicted": 1,
      "betterPct": 50,
      "worseThanPredicted": 1,
      "worsePct": 50
    }
  },
  "humanNonTTByBand": {
    "Diamond": {
      "count": 7,
      "meanDiff": 0,
      "meanAbsDiff": 0,
      "stdDev": 0,
      "median": 0,
      "p75": 0,
      "p90": 0,
      "p95": 0,
      "maxDiff": 0,
      "minDiff": 0,
      "maxAbsDiff": 0,
      "exactPredictions": 7,
      "exactPct": 100,
      "within1": 7,
      "within1Pct": 100,
      "within3": 7,
      "within3Pct": 100,
      "within5": 7,
      "within5Pct": 100,
      "betterThanPredicted": 0,
      "betterPct": 0,
      "worseThanPredicted": 0,
      "worsePct": 0
    },
    "Platinum": {
      "count": 27,
      "meanDiff": 1.1111111111111112,
      "meanAbsDiff": 8.666666666666666,
      "stdDev": 11.532027329181442,
      "median": 5,
      "p75": 15,
      "p90": 21,